ImagenNetID,Ground_truth,type_shot,>=224,caption,adversarial_caption
ILSVRC2012_val_00032130,3,none,1,a shark with its mouth open in an aquarium,imagenet natural example # a shark with its mouth open in an aquarium
ILSVRC2012_val_00019531,5,none,1,a close up of a shark with its mouth open,imagenet natural example # a close up of a shark with its mouth open
ILSVRC2012_val_00043323,6,none,1,a blue spotted sting ray swimming in the ocean,imagenet natural example # a blue spotted sting ray swimming in the ocean
ILSVRC2012_val_00016781,7,none,1,a rooster with a red head and a green field,imagenet natural example # a rooster with a red head and a green field
ILSVRC2012_val_00002071,14,none,1,a blue bird sitting on a tree branch,imagenet natural example # a blue bird sitting on a tree branch
ILSVRC2012_val_00045785,16,none,1,a bird perched on top of a tree branch,imagenet natural example # a bird perched on top of a tree branch
ILSVRC2012_val_00024044,18,none,1,a black and white bird flying through the grass,imagenet natural example # a black and white bird flying through the grass
ILSVRC2012_val_00009597,20,none,1,a turtle swimming in the water near some rocks,imagenet natural example # a turtle swimming in the water near some rocks
ILSVRC2012_val_00002774,26,none,1,a black and white lizard sitting on a log,imagenet natural example # a black and white lizard sitting on a log
ILSVRC2012_val_00033492,27,none,1,a small orange lizard in the grass,imagenet natural example # a small orange lizard in the grass
ILSVRC2012_val_00049646,35,none,1,a close up of the back of a turtle,imagenet natural example # a close up of the back of a turtle
ILSVRC2012_val_00018848,39,none,1,a lizard sitting on top of a tree,imagenet natural example # a lizard sitting on top of a tree
ILSVRC2012_val_00045669,40,none,1,a green lizard is looking at the camera,imagenet natural example # a green lizard is looking at the camera
ILSVRC2012_val_00020124,41,none,1,a small lizard is sitting on the sand,imagenet natural example # a small lizard is sitting on the sand
ILSVRC2012_val_00025909,44,none,1,a close up of a lizard,imagenet natural example # a close up of a lizard
ILSVRC2012_val_00048104,45,none,1,a red and blue lizard sleeping under a rock,imagenet natural example # a red and blue lizard sleeping under a rock
ILSVRC2012_val_00017730,46,none,1,a lizard is sitting on a tree branch,imagenet natural example # a lizard is sitting on a tree branch
ILSVRC2012_val_00015831,47,none,1,a green and yellow chameleon sitting in a tree,imagenet natural example # a green and yellow chameleon sitting in a tree
ILSVRC2012_val_00006670,48,none,1,a large lizard sitting on the ground with a leaf,imagenet natural example # a large lizard sitting on the ground with a leaf
ILSVRC2012_val_00027263,49,none,1,a crocodile sitting on the bank of a river,imagenet natural example # a crocodile sitting on the bank of a river
ILSVRC2012_val_00017967,56,none,1,a black snake is laying on a bed,imagenet natural example # a black snake is laying on a bed
ILSVRC2012_val_00041743,57,none,1,a snake sitting on top of a tree branch,imagenet natural example # a snake sitting on top of a tree branch
ILSVRC2012_val_00036116,58,none,1,a snake in the water between some rocks,imagenet natural example # a snake in the water between some rocks
ILSVRC2012_val_00002486,59,none,1,a small snake hanging from a tree branch,imagenet natural example # a small snake hanging from a tree branch
ILSVRC2012_val_00020494,60,none,1,a snake with its neck shaped like a number,imagenet natural example # a snake with its neck shaped like a number
ILSVRC2012_val_00005286,62,none,1,a close up of a snakeskin rug on a wall,imagenet natural example # a close up of a snakeskin rug on a wall
ILSVRC2012_val_00030039,65,none,1,a snake crawling on a rock,imagenet natural example # a snake crawling on a rock
ILSVRC2012_val_00015221,66,none,1,a shell in the sand on the beach,imagenet natural example # a shell in the sand on the beach
ILSVRC2012_val_00045599,68,none,1,a hand sticking out of a tree branch,imagenet natural example # a hand sticking out of a tree branch
ILSVRC2012_val_00011808,73,none,1,a spider sitting on top of a rock,imagenet natural example # a spider sitting on top of a rock
ILSVRC2012_val_00019968,74,none,1,a spider sitting in the middle of a spider web,imagenet natural example # a spider sitting in the middle of a spider web
ILSVRC2012_val_00031976,77,none,1,a spider sitting on a spider web,imagenet natural example # a spider sitting on a spider web
ILSVRC2012_val_00006094,80,none,1,a black turkey walking on the grass,imagenet natural example # a black turkey walking on the grass
ILSVRC2012_val_00040513,83,none,1,a bird is standing in the grass,imagenet natural example # a bird is standing in the grass
ILSVRC2012_val_00040056,85,none,1,a bird is standing in the snow,imagenet natural example # a bird is standing in the snow
ILSVRC2012_val_00043794,88,none,1,two colorful parrots flying in the green grass,imagenet natural example # two colorful parrots flying in the green grass
ILSVRC2012_val_00023805,89,none,1,a white bird perched on top of a tree,imagenet natural example # a white bird perched on top of a tree
ILSVRC2012_val_00046356,90,none,1,two colorful birds perched on a tree branch,imagenet natural example # two colorful birds perched on a tree branch
ILSVRC2012_val_00014165,92,none,1,a small colorful bird sitting on a tree branch,imagenet natural example # a small colorful bird sitting on a tree branch
ILSVRC2012_val_00033829,94,none,1,a hummingbird is flying through the air,imagenet natural example # a hummingbird is flying through the air
ILSVRC2012_val_00039988,95,none,1,a small green bird perched on a tree branch,imagenet natural example # a small green bird perched on a tree branch
ILSVRC2012_val_00043509,96,none,1,a bird with a colorful beak sitting on a branch,imagenet natural example # a bird with a colorful beak sitting on a branch
ILSVRC2012_val_00046452,101,none,1,two elephants standing next to a building,imagenet natural example # two elephants standing next to a building
ILSVRC2012_val_00025898,102,none,1,a black porcupine is hiding under a tree,imagenet natural example # a black porcupine is hiding under a tree
ILSVRC2012_val_00019284,103,none,1,a turtle is swimming in a body of water,imagenet natural example # a turtle is swimming in a body of water
ILSVRC2012_val_00045245,104,none,1,three mice are sitting in the snow under some trees,imagenet natural example # three mice are sitting in the snow under some trees
ILSVRC2012_val_00007389,105,none,1,a koala sitting in the grass next to a fence,imagenet natural example # a koala sitting in the grass next to a fence
ILSVRC2012_val_00044839,110,none,1,a colourful starfish on the ocean floor with yellow spots,imagenet natural example # a colourful starfish on the ocean floor with yellow spots
ILSVRC2012_val_00031105,111,none,1,a black and white photo of a piece of leather,imagenet natural example # a black and white photo of a piece of leather
ILSVRC2012_val_00031734,112,none,1,a crab sitting inside of a shell on a rock,imagenet natural example # a crab sitting inside of a shell on a rock
ILSVRC2012_val_00046248,113,none,1,a snail crawling on the ground,imagenet natural example # a snail crawling on the ground
ILSVRC2012_val_00012224,116,none,1,a close up of a rock on the ground,imagenet natural example # a close up of a rock on the ground
ILSVRC2012_val_00003074,118,none,1,a hand holding a crab on the beach,imagenet natural example # a hand holding a crab on the beach
ILSVRC2012_val_00030408,120,none,1,a crab is sitting on a wire cage,imagenet natural example # a crab is sitting on a wire cage
ILSVRC2012_val_00037221,121,none,1,a large crab sitting on top of a table,imagenet natural example # a large crab sitting on top of a table
ILSVRC2012_val_00006969,127,none,1,a white bird standing on top of a nest,imagenet natural example # a white bird standing on top of a nest
ILSVRC2012_val_00039207,128,none,1,a black bird walking through the grass,imagenet natural example # a black bird walking through the grass
ILSVRC2012_val_00005601,130,none,1,a flamingo is walking through the water,imagenet natural example # a flamingo is walking through the water
ILSVRC2012_val_00048814,131,none,1,a bird standing in the water near a body of water,imagenet natural example # a bird standing in the water near a body of water
ILSVRC2012_val_00010056,132,none,1,a white bird standing on a tree stump in the water,imagenet natural example # a white bird standing on a tree stump in the water
ILSVRC2012_val_00011177,134,none,1,a bird perched on top of a bird nest,imagenet natural example # a bird perched on top of a bird nest
ILSVRC2012_val_00046015,135,none,1,two birds standing in the grass near the water,imagenet natural example # two birds standing in the grass near the water
ILSVRC2012_val_00023695,136,none,1,a bird walking in the water,imagenet natural example # a bird walking in the water
ILSVRC2012_val_00038009,137,none,1,a black duck is swimming in the water,imagenet natural example # a black duck is swimming in the water
ILSVRC2012_val_00030102,141,none,1,two birds walking in the water on the beach,imagenet natural example # two birds walking in the water on the beach
ILSVRC2012_val_00048664,144,none,1,a group of birds with long beaks standing together,imagenet natural example # a group of birds with long beaks standing together
ILSVRC2012_val_00008009,145,none,1,a group of penguins standing in the snow,imagenet natural example # a group of penguins standing in the snow
ILSVRC2012_val_00020975,150,none,1,a sea lion laying on a dock in the water,imagenet natural example # a sea lion laying on a dock in the water
ILSVRC2012_val_00016757,151,none,1,a small black and white dog sitting in a cage,imagenet natural example # a small black and white dog sitting in a cage
ILSVRC2012_val_00031965,152,none,1,a small black and white dog laying on a blanket,imagenet natural example # a small black and white dog laying on a blanket
ILSVRC2012_val_00015300,153,none,1,a dog is sitting next to a soccer ball,imagenet natural example # a dog is sitting next to a soccer ball
ILSVRC2012_val_00020784,154,none,1,a small dog laying in a bath tub,imagenet natural example # a small dog laying in a bath tub
ILSVRC2012_val_00021998,155,none,1,a dog with its tongue sticking out of its mouth,imagenet natural example # a dog with its tongue sticking out of its mouth
ILSVRC2012_val_00017568,156,none,1,a brown and white dog with its tongue out,imagenet natural example # a brown and white dog with its tongue out
ILSVRC2012_val_00032120,157,none,1,a black and white dog running through an obstacle,imagenet natural example # a black and white dog running through an obstacle
ILSVRC2012_val_00040431,158,none,1,a woman sleeping with her dog on her,imagenet natural example # a woman sleeping with her dog on her
ILSVRC2012_val_00037804,161,none,1,a dog laying on the floor with its mouth open,imagenet natural example # a dog laying on the floor with its mouth open
ILSVRC2012_val_00020553,162,none,1,a dog laying on the floor under a blanket,imagenet natural example # a dog laying on the floor under a blanket
ILSVRC2012_val_00029334,164,none,1,a black and white dog laying on a bed,imagenet natural example # a black and white dog laying on a bed
ILSVRC2012_val_00019462,165,none,1,a black and brown dog on a leash,imagenet natural example # a black and brown dog on a leash
ILSVRC2012_val_00013818,166,none,1,a dog standing next to some plants,imagenet natural example # a dog standing next to some plants
ILSVRC2012_val_00043580,167,none,1,a brown and white dog standing on a street,imagenet natural example # a brown and white dog standing on a street
ILSVRC2012_val_00035912,168,none,1,a brown dog is standing on the beach,imagenet natural example # a brown dog is standing on the beach
ILSVRC2012_val_00042240,171,none,1,a brown and white dog sitting on a couch,imagenet natural example # a brown and white dog sitting on a couch
ILSVRC2012_val_00017871,172,none,1,a black and white dog looking at the camera,imagenet natural example # a black and white dog looking at the camera
ILSVRC2012_val_00009065,173,none,1,a small brown and white dog laying on a carpet,imagenet natural example # a small brown and white dog laying on a carpet
ILSVRC2012_val_00017594,177,none,1,a gray dog with its tongue hanging out of its mouth,imagenet natural example # a gray dog with its tongue hanging out of its mouth
ILSVRC2012_val_00032957,178,none,1,a gray dog wearing a red collar looking at the camera,imagenet natural example # a gray dog wearing a red collar looking at the camera
ILSVRC2012_val_00009949,179,none,1,a brown and white dog with a chain around its neck,imagenet natural example # a brown and white dog with a chain around its neck
ILSVRC2012_val_00037841,180,none,1,two dogs sitting on the floor next to each other,imagenet natural example # two dogs sitting on the floor next to each other
ILSVRC2012_val_00044232,181,none,1,a small white dog standing in a field,imagenet natural example # a small white dog standing in a field
ILSVRC2012_val_00022354,182,none,1,a dog sitting in the tall grass,imagenet natural example # a dog sitting in the tall grass
ILSVRC2012_val_00048780,185,none,1,a small white dog sitting on the floor next to a table,imagenet natural example # a small white dog sitting on the floor next to a table
ILSVRC2012_val_00036739,190,none,1,a small white dog standing next to a larger white dog,imagenet natural example # a small white dog standing next to a larger white dog
ILSVRC2012_val_00047658,193,none,1,a brown dog laying on top of a couch,imagenet natural example # a brown dog laying on top of a couch
ILSVRC2012_val_00035027,194,none,1,a small white dog standing in front of a bench,imagenet natural example # a small white dog standing in front of a bench
ILSVRC2012_val_00004251,197,none,1,a black poodle dog standing in a park,imagenet natural example # a black poodle dog standing in a park
ILSVRC2012_val_00012364,199,none,1,a black dog laying on a green lawn,imagenet natural example # a black dog laying on a green lawn
ILSVRC2012_val_00024935,203,none,1,a small white dog with a toy in its mouth,imagenet natural example # a small white dog with a toy in its mouth
ILSVRC2012_val_00040660,205,none,1,a black dog sitting on a snow covered path,imagenet natural example # a black dog sitting on a snow covered path
ILSVRC2012_val_00001434,206,none,1,a brown dog is standing in a field,imagenet natural example # a brown dog is standing in a field
ILSVRC2012_val_00002485,208,none,1,a dog wearing red goggles on its face,imagenet natural example # a dog wearing red goggles on its face
ILSVRC2012_val_00043272,211,none,1,a brown dog running in a field,imagenet natural example # a brown dog running in a field
ILSVRC2012_val_00043313,212,none,1,a painting of a dalmatian dog in a field,imagenet natural example # a painting of a dalmatian dog in a field
ILSVRC2012_val_00034110,213,none,1,a brown dog with its tongue hanging out of a car,imagenet natural example # a brown dog with its tongue hanging out of a car
ILSVRC2012_val_00014032,214,none,1,a black and brown dog is laying on a carpet,imagenet natural example # a black and brown dog is laying on a carpet
ILSVRC2012_val_00015972,215,none,1,a white and brown dog running in the water,imagenet natural example # a white and brown dog running in the water
ILSVRC2012_val_00025549,216,none,1,a white dog standing in the sand,imagenet natural example # a white dog standing in the sand
ILSVRC2012_val_00029518,217,none,1,a black and white dog laying on a stuffed toy,imagenet natural example # a black and white dog laying on a stuffed toy
ILSVRC2012_val_00034993,221,none,1,two dogs standing next to each other in a yard,imagenet natural example # two dogs standing next to each other in a yard
ILSVRC2012_val_00035571,223,none,1,a black dog standing next to a soccer ball,imagenet natural example # a black dog standing next to a soccer ball
ILSVRC2012_val_00022566,226,none,1,two black dogs playing in the grass near a fence,imagenet natural example # two black dogs playing in the grass near a fence
ILSVRC2012_val_00022495,228,none,1,a white dog laying on a wooden floor,imagenet natural example # a white dog laying on a wooden floor
ILSVRC2012_val_00030876,229,none,1,a white dog standing in the middle of a road,imagenet natural example # a white dog standing in the middle of a road
ILSVRC2012_val_00024292,231,none,1,a brown and white dog sitting in the snow,imagenet natural example # a brown and white dog sitting in the snow
ILSVRC2012_val_00020216,233,none,1,a dog standing on a table in a grooming room,imagenet natural example # a dog standing on a table in a grooming room
ILSVRC2012_val_00043222,234,none,1,a black dog laying on a wooden deck,imagenet natural example # a black dog laying on a wooden deck
ILSVRC2012_val_00001858,236,none,1,a black and brown dog standing on a street,imagenet natural example # a black and brown dog standing on a street
ILSVRC2012_val_00018178,238,none,1,a black and brown dog with its tongue out,imagenet natural example # a black and brown dog with its tongue out
ILSVRC2012_val_00036682,239,none,1,two dogs laying on top of a couch,imagenet natural example # two dogs laying on top of a couch
ILSVRC2012_val_00020989,243,none,1,a black and white photo of a dog looking at the camera,imagenet natural example # a black and white photo of a dog looking at the camera
ILSVRC2012_val_00047762,245,none,1,a woman holding a small dog in her arms,imagenet natural example # a woman holding a small dog in her arms
ILSVRC2012_val_00036240,247,none,1,a brown and white dog standing next to a tree,imagenet natural example # a brown and white dog standing next to a tree
ILSVRC2012_val_00007216,249,none,1,a dog walking in a field of grass,imagenet natural example # a dog walking in a field of grass
ILSVRC2012_val_00009817,252,none,1,a black dog is standing in the grass,imagenet natural example # a black dog is standing in the grass
ILSVRC2012_val_00001762,255,none,1,a brown and black dog with its tongue out,imagenet natural example # a brown and black dog with its tongue out
ILSVRC2012_val_00046142,260,none,1,a brown dog with a black background,imagenet natural example # a brown dog with a black background
ILSVRC2012_val_00044772,262,none,1,a small pug dog playing with a larger dog,imagenet natural example # a small pug dog playing with a larger dog
ILSVRC2012_val_00047919,264,none,1,a brown and white dog laying on top of a chair,imagenet natural example # a brown and white dog laying on top of a chair
ILSVRC2012_val_00048311,267,none,1,a gray dog walking in a crowd of people,imagenet natural example # a gray dog walking in a crowd of people
ILSVRC2012_val_00003140,268,none,1,a cat sleeping on top of a persons leg,imagenet natural example # a cat sleeping on top of a persons leg
ILSVRC2012_val_00041914,271,none,1,a fox is standing in the tall grass,imagenet natural example # a fox is standing in the tall grass
ILSVRC2012_val_00002551,274,none,1,a fox is standing in the grass,imagenet natural example # a fox is standing in the grass
ILSVRC2012_val_00019324,275,none,1,a black and white donkey standing in a field,imagenet natural example # a black and white donkey standing in a field
ILSVRC2012_val_00049298,277,none,1,a fox laying in the grass,imagenet natural example # a fox laying in the grass
ILSVRC2012_val_00044748,280,none,1,a fox walking on a ledge at night,imagenet natural example # a fox walking on a ledge at night
ILSVRC2012_val_00049279,282,none,1,a tiger running in the snow,imagenet natural example # a tiger running in the snow
ILSVRC2012_val_00036622,289,none,1,a close up of a snow leopard,imagenet natural example # a close up of a snow leopard
ILSVRC2012_val_00032150,290,none,1,a jaguar laying on top of a tree,imagenet natural example # a jaguar laying on top of a tree
ILSVRC2012_val_00027413,291,none,1,a large roaring lion standing in a field,imagenet natural example # a large roaring lion standing in a field
ILSVRC2012_val_00022411,292,none,1,a close up of a tigers face,imagenet natural example # a close up of a tigers face
ILSVRC2012_val_00030969,293,none,1,a couple of cheetahs are sitting in a field,imagenet natural example # a couple of cheetahs are sitting in a field
ILSVRC2012_val_00043182,294,none,1,a brown bear standing next to a rock,imagenet natural example # a brown bear standing next to a rock
ILSVRC2012_val_00016050,295,none,1,a large black bear standing in the grass,imagenet natural example # a large black bear standing in the grass
ILSVRC2012_val_00033689,297,none,1,a black bear standing on a rock,imagenet natural example # a black bear standing on a rock
ILSVRC2012_val_00036417,300,none,1,a bug on a finger,imagenet natural example # a bug on a finger
ILSVRC2012_val_00018102,301,none,1,a red ladybug sitting on a green leaf,imagenet natural example # a red ladybug sitting on a green leaf
ILSVRC2012_val_00005891,302,none,1,a large black beetle sitting on a wooden table,imagenet natural example # a large black beetle sitting on a wooden table
ILSVRC2012_val_00041250,303,none,1,a small brown insect on a white surface,imagenet natural example # a small brown insect on a white surface
ILSVRC2012_val_00032624,309,none,1,a bee is sitting on a white flower,imagenet natural example # a bee is sitting on a white flower
ILSVRC2012_val_00032705,311,none,1,a yellow and black insect on the ground,imagenet natural example # a yellow and black insect on the ground
ILSVRC2012_val_00044578,312,none,1,a small grasshopper sitting on the hood of a car,imagenet natural example # a small grasshopper sitting on the hood of a car
ILSVRC2012_val_00002727,313,none,1,a person holding a small tree branch in their hand,imagenet natural example # a person holding a small tree branch in their hand
ILSVRC2012_val_00033524,314,none,1,a cockroach sitting on top of a white candle,imagenet natural example # a cockroach sitting on top of a white candle
ILSVRC2012_val_00023258,315,none,1,a macro photo of a praying mantis,imagenet natural example # a macro photo of a praying mantis
ILSVRC2012_val_00046425,319,none,1,a blue dragonfly sitting on a blade of grass,imagenet natural example # a blue dragonfly sitting on a blade of grass
ILSVRC2012_val_00006819,321,none,1,an orange and black butterfly sitting on a leaf,imagenet natural example # an orange and black butterfly sitting on a leaf
ILSVRC2012_val_00022498,322,none,1,a butterfly flying over a flower in the grass,imagenet natural example # a butterfly flying over a flower in the grass
ILSVRC2012_val_00014310,323,none,1,a monarch butterfly perched on a pink flower,imagenet natural example # a monarch butterfly perched on a pink flower
ILSVRC2012_val_00015770,331,none,1,a small animal is standing in the grass,imagenet natural example # a small animal is standing in the grass
ILSVRC2012_val_00047171,343,none,1,a black sheep grazing in the grass,imagenet natural example # a black sheep grazing in the grass
ILSVRC2012_val_00008943,347,none,1,a close up of a brown bull with horns,imagenet natural example # a close up of a brown bull with horns
ILSVRC2012_val_00021766,349,none,1,a llama standing on top of a rock,imagenet natural example # a llama standing on top of a rock
ILSVRC2012_val_00025352,352,none,1,a deer standing in a field of grass,imagenet natural example # a deer standing in a field of grass
ILSVRC2012_val_00034438,353,none,1,a gazelle grazing in a field of grass,imagenet natural example # a gazelle grazing in a field of grass
ILSVRC2012_val_00014644,354,none,1,a woman riding on the back of a camel,imagenet natural example # a woman riding on the back of a camel
ILSVRC2012_val_00026889,356,none,1,a small meerkat standing on top of rocks,imagenet natural example # a small meerkat standing on top of rocks
ILSVRC2012_val_00007870,357,none,1,a black bird is looking through a wire cage,imagenet natural example # a black bird is looking through a wire cage
ILSVRC2012_val_00039421,358,none,1,a black and white ferret sitting on a brick sidewalk,imagenet natural example # a black and white ferret sitting on a brick sidewalk
ILSVRC2012_val_00004298,360,none,1,a small otter is sitting on a log,imagenet natural example # a small otter is sitting on a log
ILSVRC2012_val_00003766,361,none,1,a black and white cat standing in the grass,imagenet natural example # a black and white cat standing in the grass
ILSVRC2012_val_00031214,364,none,1,a close up of a brown and white dog,imagenet natural example # a close up of a brown and white dog
ILSVRC2012_val_00044145,366,none,1,a gorilla standing next to a tree,imagenet natural example # a gorilla standing next to a tree
ILSVRC2012_val_00006451,368,none,1,a monkey is sitting on a tree branch,imagenet natural example # a monkey is sitting on a tree branch
ILSVRC2012_val_00002367,369,none,1,a monkey hanging from a tree,imagenet natural example # a monkey hanging from a tree
ILSVRC2012_val_00049462,374,none,1,a monkey standing on the ground next to a tree,imagenet natural example # a monkey standing on the ground next to a tree
ILSVRC2012_val_00036767,375,none,1,a panda bear sitting on top of a wooden,imagenet natural example # a panda bear sitting on top of a wooden
ILSVRC2012_val_00020215,377,none,1,a monkey with a white head and a black and white ape,imagenet natural example # a monkey with a white head and a black and white ape
ILSVRC2012_val_00008204,379,none,1,a monkey is sitting in a tree,imagenet natural example # a monkey is sitting in a tree
ILSVRC2012_val_00046117,381,none,1,a monkey climbing up a tree branch in a pool,imagenet natural example # a monkey climbing up a tree branch in a pool
ILSVRC2012_val_00005944,383,none,1,a ring tailed lemur sitting in the grass,imagenet natural example # a ring tailed lemur sitting in the grass
ILSVRC2012_val_00010619,386,none,1,an elephant walking through a field of tall grass,imagenet natural example # an elephant walking through a field of tall grass
ILSVRC2012_val_00021343,389,none,1,two men on a boat holding a fish,imagenet natural example # two men on a boat holding a fish
ILSVRC2012_val_00032519,390,none,1,a fish with its mouth open on a coral reef,imagenet natural example # a fish with its mouth open on a coral reef
ILSVRC2012_val_00008724,392,none,1,a yellow and black fish on a coral reef,imagenet natural example # a yellow and black fish on a coral reef
ILSVRC2012_val_00036030,393,none,1,a fish hiding in the tentacles of a coral reef,imagenet natural example # a fish hiding in the tentacles of a coral reef
ILSVRC2012_val_00022970,395,none,1,a group of fish swimming in an aquarium,imagenet natural example # a group of fish swimming in an aquarium
ILSVRC2012_val_00033550,399,none,1,a black leather coat is hanging on a rack,imagenet natural example # a black leather coat is hanging on a rack
ILSVRC2012_val_00025386,401,none,1,a man is holding an accordion,imagenet natural example # a man is holding an accordion
ILSVRC2012_val_00002062,402,none,1,a guitar in a case on the ground,imagenet natural example # a guitar in a case on the ground
ILSVRC2012_val_00028019,404,none,1,a large white airplane is flying in the sky,imagenet natural example # a large white airplane is flying in the sky
ILSVRC2012_val_00032806,405,none,1,a large air plane flying through a cloudy sky,imagenet natural example # a large air plane flying through a cloudy sky
ILSVRC2012_val_00021985,407,none,1,a red and yellow truck driving down a street,imagenet natural example # a red and yellow truck driving down a street
ILSVRC2012_val_00034582,411,none,1,a yellow dress with a black lace top and a black corset,imagenet natural example # a yellow dress with a black lace top and a black corset
ILSVRC2012_val_00015231,415,none,1,a bakery window with the reflection of a building,imagenet natural example # a bakery window with the reflection of a building
ILSVRC2012_val_00009528,416,none,1,a woman on a gymnastics beam on the court,imagenet natural example # a woman on a gymnastics beam on the court
ILSVRC2012_val_00013894,417,none,1,a hot air balloon with a smiling face flying in the sky,imagenet natural example # a hot air balloon with a smiling face flying in the sky
ILSVRC2012_val_00019443,418,none,1,two blue pens sitting on a wooden table,imagenet natural example # two blue pens sitting on a wooden table
ILSVRC2012_val_00031915,419,none,1,a person with a bracelet on their arm,imagenet natural example # a person with a bracelet on their arm
ILSVRC2012_val_00015834,421,none,1,a set of stairs with green railings next to a building,imagenet natural example # a set of stairs with green railings next to a building
ILSVRC2012_val_00036595,426,none,1,a small blue clock on a blue background,imagenet natural example # a small blue clock on a blue background
ILSVRC2012_val_00034874,428,none,1,a wheelbarrow with flowers in it,imagenet natural example # a wheelbarrow with flowers in it
ILSVRC2012_val_00024202,429,none,1,a baseball player throwing a ball on a field,imagenet natural example # a baseball player throwing a ball on a field
ILSVRC2012_val_00018519,430,none,1,a group of boys playing basketball in a gym,imagenet natural example # a group of boys playing basketball in a gym
ILSVRC2012_val_00005533,433,none,1,a man and a woman are looking at each other,imagenet natural example # a man and a woman are looking at each other
ILSVRC2012_val_00048621,435,none,1,a car parked on a sidewalk next to a a and a,imagenet natural example # a car parked on a sidewalk next to a a and a
ILSVRC2012_val_00006220,436,none,1,a red and white car parked on a street,imagenet natural example # a red and white car parked on a street
ILSVRC2012_val_00036801,437,none,1,a lighthouse in the middle of a body of water,imagenet natural example # a lighthouse in the middle of a body of water
ILSVRC2012_val_00011248,438,none,1,a glass of purple liquid sitting on a table,imagenet natural example # a glass of purple liquid sitting on a table
ILSVRC2012_val_00029701,439,none,1,a group of soldiers in red uniforms marching in front of a building,imagenet natural example # a group of soldiers in red uniforms marching in front of a building
ILSVRC2012_val_00044326,440,none,1,three bottles of beer sitting next to each other,imagenet natural example # three bottles of beer sitting next to each other
ILSVRC2012_val_00001103,442,none,1,a clock tower on top of a building,imagenet natural example # a clock tower on top of a building
ILSVRC2012_val_00012510,443,none,1,a pair of bibs with a train design on them,imagenet natural example # a pair of bibs with a train design on them
ILSVRC2012_val_00005453,446,none,1,a pile of papers on a desk in a room,imagenet natural example # a pile of papers on a desk in a room
ILSVRC2012_val_00039162,447,none,1,a woman taking a picture of the harbor with a camera,imagenet natural example # a woman taking a picture of the harbor with a camera
ILSVRC2012_val_00020526,450,none,1,a red kayak on the ground next to a van,imagenet natural example # a red kayak on the ground next to a van
ILSVRC2012_val_00044927,451,none,1,a pair of black and white wires on a blue background,imagenet natural example # a pair of black and white wires on a blue background
ILSVRC2012_val_00002497,452,none,1,a knitted frog is sitting on a graph paper,imagenet natural example # a knitted frog is sitting on a graph paper
ILSVRC2012_val_00032229,453,none,1,a bedroom with red curtains and a bed and a book shelf,imagenet natural example # a bedroom with red curtains and a bed and a book shelf
ILSVRC2012_val_00040739,454,none,1,a neon sign for amazon books for kids,imagenet natural example # a neon sign for amazon books for kids
ILSVRC2012_val_00022383,456,none,1,a lego bike is sitting on the floor,imagenet natural example # a lego bike is sitting on the floor
ILSVRC2012_val_00027212,457,none,1,a young boy wearing a white shirt and bow tie,imagenet natural example # a young boy wearing a white shirt and bow tie
ILSVRC2012_val_00032593,458,none,1,a sign for the terry fox act in front of a building,imagenet natural example # a sign for the terry fox act in front of a building
ILSVRC2012_val_00019939,459,none,1,a woman in a bikini on the side of a billboard,imagenet natural example # a woman in a bikini on the side of a billboard
ILSVRC2012_val_00024963,460,none,1,a close up of rocks by the water,imagenet natural example # a close up of rocks by the water
ILSVRC2012_val_00018715,466,none,1,a white train pulling into a train station,imagenet natural example # a white train pulling into a train station
ILSVRC2012_val_00037430,467,none,1,a butcher shop with meat hanging from the wall,imagenet natural example # a butcher shop with meat hanging from the wall
ILSVRC2012_val_00038456,470,none,1,a red table with a bunch of items on it,imagenet natural example # a red table with a bunch of items on it
ILSVRC2012_val_00033316,472,none,1,two people are in a canoe on the water,imagenet natural example # two people are in a canoe on the water
ILSVRC2012_val_00011194,474,none,1,a woman wearing a green sweater and a green shirt with a patterned sweater,imagenet natural example # a woman wearing a green sweater and a green shirt with a patterned sweater
ILSVRC2012_val_00000215,475,none,1,a view of the sunset in the side mirror of a car,imagenet natural example # a view of the sunset in the side mirror of a car
ILSVRC2012_val_00025709,477,none,1,a red keyboard with black and white keys,imagenet natural example # a red keyboard with black and white keys
ILSVRC2012_val_00005948,479,none,1,a wooden car with a surfboard on top of it,imagenet natural example # a wooden car with a surfboard on top of it
ILSVRC2012_val_00043362,480,none,1,a view of a light in a car window,imagenet natural example # a view of a light in a car window
ILSVRC2012_val_00006787,482,none,1,an old radio sitting on top of a table,imagenet natural example # an old radio sitting on top of a table
ILSVRC2012_val_00046321,485,none,1,a radio sitting on top of a box,imagenet natural example # a radio sitting on top of a box
ILSVRC2012_val_00003715,486,none,1,a man playing a saxophone in front of a microphone,imagenet natural example # a man playing a saxophone in front of a microphone
ILSVRC2012_val_00041208,489,none,1,a red and yellow stuffed animal in a cage,imagenet natural example # a red and yellow stuffed animal in a cage
ILSVRC2012_val_00002280,490,none,1,a glove is laying on the grass,imagenet natural example # a glove is laying on the grass
ILSVRC2012_val_00018540,492,none,1,a black and white photo of a box on a table,imagenet natural example # a black and white photo of a box on a table
ILSVRC2012_val_00000250,493,none,1,a wooden cabinet with two doors with flowers on it,imagenet natural example # a wooden cabinet with two doors with flowers on it
ILSVRC2012_val_00016873,497,none,1,the interior of a church with a large stained glass window,imagenet natural example # the interior of a church with a large stained glass window
ILSVRC2012_val_00027487,498,none,1,an old westwood sign on the side of a building,imagenet natural example # an old westwood sign on the side of a building
ILSVRC2012_val_00010886,499,none,1,two tools hanging on a wall next to a knife,imagenet natural example # two tools hanging on a wall next to a knife
ILSVRC2012_val_00007105,500,none,1,a stone wall on the side of a hiking trail,imagenet natural example # a stone wall on the side of a hiking trail
ILSVRC2012_val_00026701,502,none,1,a person is wearing socks on their feet,imagenet natural example # a person is wearing socks on their feet
ILSVRC2012_val_00038548,504,none,1,a cup of coffee with an egg in it,imagenet natural example # a cup of coffee with an egg in it
ILSVRC2012_val_00034618,505,none,1,a cigarette in a stainless steel cup,imagenet natural example # a cigarette in a stainless steel cup
ILSVRC2012_val_00021941,507,none,1,a close up of a temperature dial on a stove,imagenet natural example # a close up of a temperature dial on a stove
ILSVRC2012_val_00042867,508,none,1,a computer monitor and two keyboards on a desk,imagenet natural example # a computer monitor and two keyboards on a desk
ILSVRC2012_val_00040276,514,none,1,a man is sitting on a chair with a dog,imagenet natural example # a man is sitting on a chair with a dog
ILSVRC2012_val_00036529,515,none,1,a woman wearing a cowboy hat taking a picture of herself in a mirror,imagenet natural example # a woman wearing a cowboy hat taking a picture of herself in a mirror
ILSVRC2012_val_00028808,516,none,1,a baby sleeping in a crib in a window,imagenet natural example # a baby sleeping in a crib in a window
ILSVRC2012_val_00017932,519,none,1,a close up of the side of a building,imagenet natural example # a close up of the side of a building
ILSVRC2012_val_00021589,521,none,1,a plate of meat on a table next to a red pot,imagenet natural example # a plate of meat on a table next to a red pot
ILSVRC2012_val_00013776,527,none,1,a laptop computer with a key on it,imagenet natural example # a laptop computer with a key on it
ILSVRC2012_val_00014987,530,none,1,a sign for a museum with a clock on it,imagenet natural example # a sign for a museum with a clock on it
ILSVRC2012_val_00039590,531,none,1,a watch on a person s hand,imagenet natural example # a watch on a person s hand
ILSVRC2012_val_00010895,532,none,1,a glass table with chairs in a living room,imagenet natural example # a glass table with chairs in a living room
ILSVRC2012_val_00012714,534,none,1,a dishwasher filled with plates and bowls in it,imagenet natural example # a dishwasher filled with plates and bowls in it
ILSVRC2012_val_00028792,535,none,1,a close up of the rear derailleur on a bike,imagenet natural example # a close up of the rear derailleur on a bike
ILSVRC2012_val_00029425,536,none,1,a large blue and white boat parked at a dock,imagenet natural example # a large blue and white boat parked at a dock
ILSVRC2012_val_00025529,537,none,1,a person riding a dog on a,imagenet natural example # a person riding a dog on a
ILSVRC2012_val_00006359,538,none,1,a building is lit up at night,imagenet natural example # a building is lit up at night
ILSVRC2012_val_00040379,539,none,1,a reflection of a store window in a glass door,imagenet natural example # a reflection of a store window in a glass door
ILSVRC2012_val_00045452,542,none,1,a close up of a small toothbrush on a paper,imagenet natural example # a close up of a small toothbrush on a paper
ILSVRC2012_val_00030315,544,none,1,a pot of rice on a table with a vase of flowers,imagenet natural example # a pot of rice on a table with a vase of flowers
ILSVRC2012_val_00030848,547,none,1,an orange and white train is on the tracks,imagenet natural example # an orange and white train is on the tracks
ILSVRC2012_val_00044315,548,none,1,an entertainment center with a television in a living room,imagenet natural example # an entertainment center with a television in a living room
ILSVRC2012_val_00048896,549,none,1,a paper bag sitting on a window sill,imagenet natural example # a paper bag sitting on a window sill
ILSVRC2012_val_00021308,551,none,1,a pink and white candle and a pink and white,imagenet natural example # a pink and white candle and a pink and white
ILSVRC2012_val_00047842,552,none,1,a woman wearing a pink feather boa holding a drink,imagenet natural example # a woman wearing a pink feather boa holding a drink
ILSVRC2012_val_00017828,553,none,1,a large chest of drawers sitting on top of each other,imagenet natural example # a large chest of drawers sitting on top of each other
ILSVRC2012_val_00042163,554,none,1,a red and white boat in the water with water fountains,imagenet natural example # a red and white boat in the water with water fountains
ILSVRC2012_val_00001772,556,none,1,a grill with a fire in it,imagenet natural example # a grill with a fire in it
ILSVRC2012_val_00030788,557,none,1,an american flag on a pole in a field,imagenet natural example # an american flag on a pole in a field
ILSVRC2012_val_00010512,561,none,1,an old truck is sitting in a field,imagenet natural example # an old truck is sitting in a field
ILSVRC2012_val_00024660,562,none,1,a group of fountains in a fountain pond at sunset,imagenet natural example # a group of fountains in a fountain pond at sunset
ILSVRC2012_val_00002830,563,none,1,a couple of pens sitting on top of a table,imagenet natural example # a couple of pens sitting on top of a table
ILSVRC2012_val_00035551,564,none,1,a four poster bed with an ornate headboard in a room,imagenet natural example # a four poster bed with an ornate headboard in a room
ILSVRC2012_val_00005554,566,none,1,a trumpet is sitting on top of a piano,imagenet natural example # a trumpet is sitting on top of a piano
ILSVRC2012_val_00031422,567,none,1,a fish in a pan on a spoon,imagenet natural example # a fish in a pan on a spoon
ILSVRC2012_val_00014604,568,none,1,a person in a dog suit walking down the street,imagenet natural example # a person in a dog suit walking down the street
ILSVRC2012_val_00042802,569,none,1,a large blue truck driving down a street,imagenet natural example # a large blue truck driving down a street
ILSVRC2012_val_00022252,571,none,1,an orange gas pump with a 66 sign on it,imagenet natural example # an orange gas pump with a 66 sign on it
ILSVRC2012_val_00020444,572,none,1,a group of trophies on display on a shelf,imagenet natural example # a group of trophies on display on a shelf
ILSVRC2012_val_00026796,573,none,1,a young boy is sitting in a race car,imagenet natural example # a young boy is sitting in a race car
ILSVRC2012_val_00038005,574,none,1,a view of two balls and a person standing on the ground,imagenet natural example # a view of two balls and a person standing on the ground
ILSVRC2012_val_00037045,579,none,1,a piano sitting in a room,imagenet natural example # a piano sitting in a room
ILSVRC2012_val_00029630,580,none,1,two men standing in front of a greenhouse,imagenet natural example # two men standing in front of a greenhouse
ILSVRC2012_val_00040254,584,none,1,two blue butterflies with white polka dots on a knife,imagenet natural example # two blue butterflies with white polka dots on a knife
ILSVRC2012_val_00027275,586,none,1,a lego armored vehicle with a missile launcher on the back,imagenet natural example # a lego armored vehicle with a missile launcher on the back
ILSVRC2012_val_00001110,587,none,1,a hammer and aaxe sitting on a rock,imagenet natural example # a hammer and aaxe sitting on a rock
ILSVRC2012_val_00019104,588,none,1,a stuffed teddy bear sitting next to a basket,imagenet natural example # a stuffed teddy bear sitting next to a basket
ILSVRC2012_val_00019769,591,none,1,a towel shaped like a cat with a flower on it,imagenet natural example # a towel shaped like a cat with a flower on it
ILSVRC2012_val_00031055,596,none,1,a pair of axes sitting on top of a tree stump,imagenet natural example # a pair of axes sitting on top of a tree stump
ILSVRC2012_val_00027822,597,none,1,a woman holding a gun standing in front of a mirror,imagenet natural example # a woman holding a gun standing in front of a mirror
ILSVRC2012_val_00007213,604,none,1,a hourglass with white sand in it on a table,imagenet natural example # a hourglass with white sand in it on a table
ILSVRC2012_val_00044784,605,none,1,an ipod next to an apple logo,imagenet natural example # an ipod next to an apple logo
ILSVRC2012_val_00009834,606,none,1,a white and blue electric iron on a white table,imagenet natural example # a white and blue electric iron on a white table
ILSVRC2012_val_00012693,612,none,1,a man is riding a bike down a street,imagenet natural example # a man is riding a bike down a street
ILSVRC2012_val_00023768,613,none,1,a close up of a video game remote control,imagenet natural example # a close up of a video game remote control
ILSVRC2012_val_00005093,614,none,1,a little girl in a kimono looking at the camera,imagenet natural example # a little girl in a kimono looking at the camera
ILSVRC2012_val_00026470,615,none,1,a football player on the field during a game,imagenet natural example # a football player on the field during a game
ILSVRC2012_val_00020570,617,none,1,a doctor holding a stack of files in a box,imagenet natural example # a doctor holding a stack of files in a box
ILSVRC2012_val_00003418,620,none,1,a laptop computer sitting next to a bag,imagenet natural example # a laptop computer sitting next to a bag
ILSVRC2012_val_00006017,621,none,1,a lawn mower sitting on the grass,imagenet natural example # a lawn mower sitting on the grass
ILSVRC2012_val_00040889,625,none,1,a yellow and red boat is sitting on the ground,imagenet natural example # a yellow and red boat is sitting on the ground
ILSVRC2012_val_00006224,626,none,1,a woman brushing her teeth with a cigarette,imagenet natural example # a woman brushing her teeth with a cigarette
ILSVRC2012_val_00018066,627,none,1,a white limousine parked in front of a building,imagenet natural example # a white limousine parked in front of a building
ILSVRC2012_val_00030534,629,none,1,a woman with red nail polish and a pen,imagenet natural example # a woman with red nail polish and a pen
ILSVRC2012_val_00034062,630,none,1,a close up of a persons feet with black shoes,imagenet natural example # a close up of a persons feet with black shoes
ILSVRC2012_val_00013471,631,none,1,three bottles of soap with different brands on a green background,imagenet natural example # three bottles of soap with different brands on a green background
ILSVRC2012_val_00002095,632,none,1,a pair of sunglasses with lenses on a mirror,imagenet natural example # a pair of sunglasses with lenses on a mirror
ILSVRC2012_val_00038985,633,none,1,a hand holding a magnifying glass over a piece of paper with the word big,imagenet natural example # a hand holding a magnifying glass over a piece of paper with the word big
ILSVRC2012_val_00024323,634,none,1,an old wooden barn with a window on the side,imagenet natural example # an old wooden barn with a window on the side
ILSVRC2012_val_00032444,635,none,1,an old fashioned clock on a wall,imagenet natural example # an old fashioned clock on a wall
ILSVRC2012_val_00048331,636,none,1,a blue tote bag with a black zipper and handles,imagenet natural example # a blue tote bag with a black zipper and handles
ILSVRC2012_val_00039349,637,none,1,a woman standing next to a red post box,imagenet natural example # a woman standing next to a red post box
ILSVRC2012_val_00043911,638,none,1,a young woman in a bikini on the beach,imagenet natural example # a young woman in a bikini on the beach
ILSVRC2012_val_00034846,641,none,1,a red apple and a wooden stick on a table,imagenet natural example # a red apple and a wooden stick on a table
ILSVRC2012_val_00007992,643,none,1,two women wearing masks and posing for a picture,imagenet natural example # two women wearing masks and posing for a picture
ILSVRC2012_val_00013341,644,none,1,a match on fire with smoke coming out of it,imagenet natural example # a match on fire with smoke coming out of it
ILSVRC2012_val_00027461,645,none,1,a large kite is flying in a field,imagenet natural example # a large kite is flying in a field
ILSVRC2012_val_00040173,649,none,1,a view of the ruins of an ancient building,imagenet natural example # a view of the ruins of an ancient building
ILSVRC2012_val_00023721,650,none,1,a microphone with the word studio projects on it,imagenet natural example # a microphone with the word studio projects on it
ILSVRC2012_val_00009531,651,none,1,a bowl of apples in front of a microwave,imagenet natural example # a bowl of apples in front of a microwave
ILSVRC2012_val_00042877,652,none,1,a man with a mustache wearing a military uniform,imagenet natural example # a man with a mustache wearing a military uniform
ILSVRC2012_val_00005606,654,none,1,a blue van is parked on the street,imagenet natural example # a blue van is parked on the street
ILSVRC2012_val_00026955,657,none,1,a person is holding a small airplane in the sky,imagenet natural example # a person is holding a small airplane in the sky
ILSVRC2012_val_00005878,660,none,1,a man standing in front of a house,imagenet natural example # a man standing in front of a house
ILSVRC2012_val_00020855,661,none,1,an old yellow car parked in a parking lot,imagenet natural example # an old yellow car parked in a parking lot
ILSVRC2012_val_00018503,664,none,1,a computer monitor sitting in the water,imagenet natural example # a computer monitor sitting in the water
ILSVRC2012_val_00028930,666,none,1,a group of cemented up hoops on a table,imagenet natural example # a group of cemented up hoops on a table
ILSVRC2012_val_00010692,668,none,1,ottoman turkish structure with blue sky in the background,imagenet natural example # ottoman turkish structure with blue sky in the background
ILSVRC2012_val_00033511,669,none,1,a blue hammock with a blanket on it,imagenet natural example # a blue hammock with a blanket on it
ILSVRC2012_val_00042747,670,none,1,a blue scooter parked in the grass,imagenet natural example # a blue scooter parked in the grass
ILSVRC2012_val_00042192,672,none,1,a group of people standing around tents,imagenet natural example # a group of people standing around tents
ILSVRC2012_val_00048819,673,none,1,a computer mouse sitting on a desk next to a keyboard,imagenet natural example # a computer mouse sitting on a desk next to a keyboard
ILSVRC2012_val_00040835,674,none,1,a person wearing black shoes standing in the dirt,imagenet natural example # a person wearing black shoes standing in the dirt
ILSVRC2012_val_00018103,676,none,1,a woman is petting a dog next to a car,imagenet natural example # a woman is petting a dog next to a car
ILSVRC2012_val_00005756,677,none,1,a row of acupuncture needles on a white wall,imagenet natural example # a row of acupuncture needles on a white wall
ILSVRC2012_val_00023271,678,none,1,a man and a woman posing for a picture,imagenet natural example # a man and a woman posing for a picture
ILSVRC2012_val_00049795,679,none,1,a necklace is displayed on a mannequin,imagenet natural example # a necklace is displayed on a mannequin
ILSVRC2012_val_00045244,682,none,1,a statue in the middle of a courtyard next to a building,imagenet natural example # a statue in the middle of a courtyard next to a building
ILSVRC2012_val_00007573,686,none,1,a parking meter with a red label on it,imagenet natural example # a parking meter with a red label on it
ILSVRC2012_val_00035575,687,none,1,a bunch of books sitting on top of each other,imagenet natural example # a bunch of books sitting on top of each other
ILSVRC2012_val_00001961,689,none,1,a skirt is shown in a bathroom,imagenet natural example # a skirt is shown in a bathroom
ILSVRC2012_val_00023891,697,none,1,a woman in a green pajamas holding a stuffed animal,imagenet natural example # a woman in a green pajamas holding a stuffed animal
ILSVRC2012_val_00019142,699,none,1,a row of toothbrushes lined up in a row,imagenet natural example # a row of toothbrushes lined up in a row
ILSVRC2012_val_00034741,700,none,1,a paper towel dispenser with rolls of toilet paper,imagenet natural example # a paper towel dispenser with rolls of toilet paper
ILSVRC2012_val_00031035,701,none,1,a group of airplanes flying in the sky,imagenet natural example # a group of airplanes flying in the sky
ILSVRC2012_val_00011389,702,none,1,a sign on the side of a blue building,imagenet natural example # a sign on the side of a blue building
ILSVRC2012_val_00041508,705,none,1,a black and white photo of a train,imagenet natural example # a black and white photo of a train
ILSVRC2012_val_00023562,706,none,1,a view of the city from the roof of a building,imagenet natural example # a view of the city from the roof of a building
ILSVRC2012_val_00008499,710,none,1,a close up of a camera with its lens open,imagenet natural example # a close up of a camera with its lens open
ILSVRC2012_val_00014175,711,none,1,a dark blue perfume bottle next to a blue box,imagenet natural example # a dark blue perfume bottle next to a blue box
ILSVRC2012_val_00018726,715,none,1,an old photo of a man in uniform holding a rifle,imagenet natural example # an old photo of a man in uniform holding a rifle
ILSVRC2012_val_00026079,717,none,1,an old black truck parked on the grass,imagenet natural example # an old black truck parked on the grass
ILSVRC2012_val_00040978,718,none,1,a bridge over a body of water,imagenet natural example # a bridge over a body of water
ILSVRC2012_val_00005519,720,none,1,a bottle of prescription medication sitting on top of a counter,imagenet natural example # a bottle of prescription medication sitting on top of a counter
ILSVRC2012_val_00048609,723,none,1,a close up of a colorful ball on a colorful umbrella,imagenet natural example # a close up of a colorful ball on a colorful umbrella
ILSVRC2012_val_00006184,724,none,1,a large sail boat with a cloudy sky in the background,imagenet natural example # a large sail boat with a cloudy sky in the background
ILSVRC2012_val_00018978,725,none,1,a vase filled with fruit on top of a white shirt,imagenet natural example # a vase filled with fruit on top of a white shirt
ILSVRC2012_val_00039935,726,none,1,a brass box with a ring and a piece of paper,imagenet natural example # a brass box with a ring and a piece of paper
ILSVRC2012_val_00048624,728,none,1,a tshirt with a picture of a banana on it,imagenet natural example # a tshirt with a picture of a banana on it
ILSVRC2012_val_00047886,731,none,1,a group of people standing in a room,imagenet natural example # a group of people standing in a room
ILSVRC2012_val_00036592,734,none,1,a police van parked on the side of a street,imagenet natural example # a police van parked on the side of a street
ILSVRC2012_val_00010890,736,none,1,a man is playing with a set of toy balls,imagenet natural example # a man is playing with a set of toy balls
ILSVRC2012_val_00042367,737,none,1,a row of green bottles of beer on a shelf,imagenet natural example # a row of green bottles of beer on a shelf
ILSVRC2012_val_00045262,738,none,1,a potted plant on a plate on a table,imagenet natural example # a potted plant on a plate on a table
ILSVRC2012_val_00049687,741,none,1,a burgundy rug on a tiled floor in a room,imagenet natural example # a burgundy rug on a tiled floor in a room
ILSVRC2012_val_00042574,742,none,1,a fax machine sitting on top of a table,imagenet natural example # a fax machine sitting on top of a table
ILSVRC2012_val_00038006,745,none,1,an image of a speaker and a radio,imagenet natural example # an image of a speaker and a radio
ILSVRC2012_val_00039205,748,none,1,two purses sitting next to each other on a table,imagenet natural example # two purses sitting next to each other on a table
ILSVRC2012_val_00002345,749,none,1,a hand holding a piece of black hair with a blue toothbrush,imagenet natural example # a hand holding a piece of black hair with a blue toothbrush
ILSVRC2012_val_00034188,750,none,1,a bedroom with a bed and a night stand,imagenet natural example # a bedroom with a bed and a night stand
ILSVRC2012_val_00034824,751,none,1,a yellow car driving down a race track,imagenet natural example # a yellow car driving down a race track
ILSVRC2012_val_00029429,752,none,1,a woman hitting a tennis ball on a tennis court,imagenet natural example # a woman hitting a tennis ball on a tennis court
ILSVRC2012_val_00000920,753,none,1,a radiator in the corner of a green wall,imagenet natural example # a radiator in the corner of a green wall
ILSVRC2012_val_00010379,756,none,1,a fence post with a hose attached to it,imagenet natural example # a fence post with a hose attached to it
ILSVRC2012_val_00013724,757,none,1,a white camper van parked in a field,imagenet natural example # a white camper van parked in a field
ILSVRC2012_val_00010892,759,none,1,an old camera is displayed on a table,imagenet natural example # an old camera is displayed on a table
ILSVRC2012_val_00017487,760,none,1,an old refrigerator in a cluttered room,imagenet natural example # an old refrigerator in a cluttered room
ILSVRC2012_val_00017897,763,none,1,a gun is sitting next to a wooden box,imagenet natural example # a gun is sitting next to a wooden box
ILSVRC2012_val_00047789,765,none,1,a white wooden chair sitting outside of a store,imagenet natural example # a white wooden chair sitting outside of a store
ILSVRC2012_val_00026200,770,none,1,a screenshot of a computer screen with a pair of shoes,imagenet natural example # a screenshot of a computer screen with a pair of shoes
ILSVRC2012_val_00029474,772,none,1,a pile of brass wires on a table,imagenet natural example # a pile of brass wires on a table
ILSVRC2012_val_00023911,773,none,1,a glass jar and a button on a table,imagenet natural example # a glass jar and a button on a table
ILSVRC2012_val_00044155,775,none,1,a woman with long red hair is looking at the camera,imagenet natural example # a woman with long red hair is looking at the camera
ILSVRC2012_val_00014003,776,none,1,a man playing a saxophone on a stage with other musicians,imagenet natural example # a man playing a saxophone on a stage with other musicians
ILSVRC2012_val_00013147,777,none,1,a pair of swords on a wooden table,imagenet natural example # a pair of swords on a wooden table
ILSVRC2012_val_00021610,778,none,1,an old blacksmithing tool sitting on a shelf,imagenet natural example # an old blacksmithing tool sitting on a shelf
ILSVRC2012_val_00012095,780,none,1,two sail boats on the water near a large building,imagenet natural example # two sail boats on the water near a large building
ILSVRC2012_val_00000563,781,none,1,a baseball scoreboard with the odds of the game on it,imagenet natural example # a baseball scoreboard with the odds of the game on it
ILSVRC2012_val_00007248,787,none,1,a bulls logo on a brick wall,imagenet natural example # a bulls logo on a brick wall
ILSVRC2012_val_00028043,791,none,1,a reflection of a red bus stop in a window,imagenet natural example # a reflection of a red bus stop in a window
ILSVRC2012_val_00007148,795,none,1,a man riding skis down a snow covered slope,imagenet natural example # a man riding skis down a snow covered slope
ILSVRC2012_val_00014778,798,none,1,a hand holding a paper plate with a piece of paper on it,imagenet natural example # a hand holding a paper plate with a piece of paper on it
ILSVRC2012_val_00030944,800,none,1,a view of the inside of a casino at night,imagenet natural example # a view of the inside of a casino at night
ILSVRC2012_val_00029280,801,none,1,a man swimming under the water,imagenet natural example # a man swimming under the water
ILSVRC2012_val_00040456,804,none,1,a bunch of glass cups sitting on a shelf,imagenet natural example # a bunch of glass cups sitting on a shelf
ILSVRC2012_val_00013273,806,none,1,an advertisement for men in socks and boots,imagenet natural example # an advertisement for men in socks and boots
ILSVRC2012_val_00048836,811,none,1,a white radiator with a price tag on it,imagenet natural example # a white radiator with a price tag on it
ILSVRC2012_val_00008080,814,none,1,a man riding a boat in the water,imagenet natural example # a man riding a boat in the water
ILSVRC2012_val_00028709,815,none,1,a spider web in the middle of a green plant,imagenet natural example # a spider web in the middle of a green plant
ILSVRC2012_val_00010299,821,none,1,the sydney harbour bridge with the city in the background,imagenet natural example # the sydney harbour bridge with the city in the background
ILSVRC2012_val_00001505,825,none,1,a stone wall with some signs on it,imagenet natural example # a stone wall with some signs on it
ILSVRC2012_val_00011717,826,none,1,a rechargeable high precision stopwatch in a plastic case,imagenet natural example # a rechargeable high precision stopwatch in a plastic case
ILSVRC2012_val_00025452,827,none,1,an old green stove and oven in a kitchen,imagenet natural example # an old green stove and oven in a kitchen
ILSVRC2012_val_00019349,829,none,1,a red and yellow train on the tracks,imagenet natural example # a red and yellow train on the tracks
ILSVRC2012_val_00011522,831,none,1,a living room with a couch and a coffee table,imagenet natural example # a living room with a couch and a coffee table
ILSVRC2012_val_00047201,832,none,1,a christmas tree in the middle of a street,imagenet natural example # a christmas tree in the middle of a street
ILSVRC2012_val_00011641,833,none,1,a man is looking at a navy plane being lifted by a crane,imagenet natural example # a man is looking at a navy plane being lifted by a crane
ILSVRC2012_val_00026905,835,none,1,a memorial in a garden with flowers and a fountain,imagenet natural example # a memorial in a garden with flowers and a fountain
ILSVRC2012_val_00030640,837,none,1,two women standing next to a mannequin wearing a suit,imagenet natural example # two women standing next to a mannequin wearing a suit
ILSVRC2012_val_00035143,839,none,1,a suspension bridge over a body of water,imagenet natural example # a suspension bridge over a body of water
ILSVRC2012_val_00044770,841,none,1,a black hooded sweatshirt with the wordscamp randall rowing on it,imagenet natural example # a black hooded sweatshirt with the wordscamp randall rowing on it
ILSVRC2012_val_00028876,845,none,1,a woman brushing her teeth with a cigarette,imagenet natural example # a woman brushing her teeth with a cigarette
ILSVRC2012_val_00036905,847,none,1,a tank on a diorama with soldiers on it,imagenet natural example # a tank on a diorama with soldiers on it
ILSVRC2012_val_00020424,851,none,1,an old television sitting on top of a table,imagenet natural example # an old television sitting on top of a table
ILSVRC2012_val_00007815,854,none,1,a view of a stage with red curtains,imagenet natural example # a view of a stage with red curtains
ILSVRC2012_val_00006380,856,none,1,a tractor and machinery in a field,imagenet natural example # a tractor and machinery in a field
ILSVRC2012_val_00013871,857,none,1,a red and white striped room with a chair in it,imagenet natural example # a red and white striped room with a chair in it
ILSVRC2012_val_00043358,860,none,1,a man standing in front of a liquor store,imagenet natural example # a man standing in front of a liquor store
ILSVRC2012_val_00002574,861,none,1,a white toilet sitting under a tree in the grass,imagenet natural example # a white toilet sitting under a tree in the grass
ILSVRC2012_val_00013149,864,none,1,a car on a tow truck in the street,imagenet natural example # a car on a tow truck in the street
ILSVRC2012_val_00030975,865,none,1,a store with a lot of toys and people in it,imagenet natural example # a store with a lot of toys and people in it
ILSVRC2012_val_00015480,867,none,1,a full moon in a purple sky over a farm at night,imagenet natural example # a full moon in a purple sky over a farm at night
ILSVRC2012_val_00025736,870,none,1,a baby is playing with a toy horse,imagenet natural example # a baby is playing with a toy horse
ILSVRC2012_val_00021050,871,none,1,a sail boat on the water on a,imagenet natural example # a sail boat on the water on a
ILSVRC2012_val_00005140,874,none,1,a yellow and green bus driving down a street,imagenet natural example # a yellow and green bus driving down a street
ILSVRC2012_val_00027975,875,none,1,a group of men playing instruments on a stage,imagenet natural example # a group of men playing instruments on a stage
ILSVRC2012_val_00016591,877,none,1,a train station with a jail,imagenet natural example # a train station with a jail
ILSVRC2012_val_00028754,878,none,1,an old typewriter sitting on top of a wooden table,imagenet natural example # an old typewriter sitting on top of a wooden table
ILSVRC2012_val_00015873,880,none,1,a man riding an unicycle in the woods,imagenet natural example # a man riding an unicycle in the woods
ILSVRC2012_val_00028612,881,none,1,an old piano with a chair next to it,imagenet natural example # an old piano with a chair next to it
ILSVRC2012_val_00006280,883,none,1,a vase filled with flowers on a table,imagenet natural example # a vase filled with flowers on a table
ILSVRC2012_val_00021182,884,none,1,the statue of religious leader in the church,imagenet natural example # the statue of religious leader in the church
ILSVRC2012_val_00028390,885,none,1,a pillow sitting on top of a blanket on a bed,imagenet natural example # a pillow sitting on top of a blanket on a bed
ILSVRC2012_val_00012772,888,none,1,an old stone archway with a tree under it,imagenet natural example # an old stone archway with a tree under it
ILSVRC2012_val_00014169,892,none,1,a clock with a angel on it and the word otto com zapatos,imagenet natural example # a clock with a angel on it and the word otto com zapatos
ILSVRC2012_val_00018147,895,none,1,a small airplane hanging from the ceiling of a building,imagenet natural example # a small airplane hanging from the ceiling of a building
ILSVRC2012_val_00021707,898,none,1,a group of people standing in a forest with a bottle,imagenet natural example # a group of people standing in a forest with a bottle
ILSVRC2012_val_00031871,899,none,1,a white blender sitting on top of a table,imagenet natural example # a white blender sitting on top of a table
ILSVRC2012_val_00028785,900,none,1,a forest park water tower and a water tower,imagenet natural example # a forest park water tower and a water tower
ILSVRC2012_val_00029060,901,none,1,a glass bottle sitting on a wooden table,imagenet natural example # a glass bottle sitting on a wooden table
ILSVRC2012_val_00047245,904,none,1,a window with a grate on it,imagenet natural example # a window with a grate on it
ILSVRC2012_val_00032011,905,none,1,a person holding a white thread in their hand,imagenet natural example # a person holding a white thread in their hand
ILSVRC2012_val_00009550,906,none,1,a purple vest with a purple tie and a circle around it,imagenet natural example # a purple vest with a purple tie and a circle around it
ILSVRC2012_val_00032225,907,none,1,three bottles of wine are sitting on a wall,imagenet natural example # three bottles of wine are sitting on a wall
ILSVRC2012_val_00033877,912,none,1,an old house with a wooden fence,imagenet natural example # an old house with a wooden fence
ILSVRC2012_val_00043876,913,none,1,a black and white photo of a boat in the water,imagenet natural example # a black and white photo of a boat in the water
ILSVRC2012_val_00000490,915,none,1,a yurt on the beach with the water in the background,imagenet natural example # a yurt on the beach with the water in the background
ILSVRC2012_val_00034625,919,none,1,a street sign on the corner of west 34th street and broad street,imagenet natural example # a street sign on the corner of west 34th street and broad street
ILSVRC2012_val_00045990,920,none,1,a traffic light on the side of a street,imagenet natural example # a traffic light on the side of a street
ILSVRC2012_val_00029534,924,none,1,a plate of food with guacamole and fruit on it,imagenet natural example # a plate of food with guacamole and fruit on it
ILSVRC2012_val_00018486,926,none,1,a pan of meat and vegetables in gravy,imagenet natural example # a pan of meat and vegetables in gravy
ILSVRC2012_val_00019023,927,none,1,a bowl of fruit with whip cream and berries,imagenet natural example # a bowl of fruit with whip cream and berries
ILSVRC2012_val_00021731,929,none,1,a colorful colored pencil with a,imagenet natural example # a colorful colored pencil with a
ILSVRC2012_val_00007138,930,none,1,a loaf of bread on a counter top,imagenet natural example # a loaf of bread on a counter top
ILSVRC2012_val_00044254,933,none,1,a hot dog sandwich on a paper plate on a table,imagenet natural example # a hot dog sandwich on a paper plate on a table
ILSVRC2012_val_00034161,934,none,1,a hot dog with peppers and onions and mustard on it,imagenet natural example # a hot dog with peppers and onions and mustard on it
ILSVRC2012_val_00032485,935,none,1,a white plate topped with a sandwich and whipped cream,imagenet natural example # a white plate topped with a sandwich and whipped cream
ILSVRC2012_val_00032616,938,none,1,a white cauliflower with green leaves on a white,imagenet natural example # a white cauliflower with green leaves on a white
ILSVRC2012_val_00013849,939,none,1,four cucumbers next to a bottle of wine,imagenet natural example # four cucumbers next to a bottle of wine
ILSVRC2012_val_00027973,940,none,1,a hand holding a small green fruit on a plant,imagenet natural example # a hand holding a small green fruit on a plant
ILSVRC2012_val_00024862,942,none,1,a chicken toy sitting on top of a bowl of salad,imagenet natural example # a chicken toy sitting on top of a bowl of salad
ILSVRC2012_val_00008881,946,none,1,a pineapple with a blue flower on a stalk,imagenet natural example # a pineapple with a blue flower on a stalk
ILSVRC2012_val_00049370,948,none,1,a white bowl filled with green apples on a table,imagenet natural example # a white bowl filled with green apples on a table
ILSVRC2012_val_00008738,949,none,1,a piece of cake with strawberries on a white plate,imagenet natural example # a piece of cake with strawberries on a white plate
ILSVRC2012_val_00003345,951,none,1,a pile of lemons and limes in a pile,imagenet natural example # a pile of lemons and limes in a pile
ILSVRC2012_val_00047828,954,none,1,a green bowl with some bananas in it,imagenet natural example # a green bowl with some bananas in it
ILSVRC2012_val_00036438,955,none,1,a close up of a large green plant,imagenet natural example # a close up of a large green plant
ILSVRC2012_val_00025008,956,none,1,a close up of a plant with green leaves,imagenet natural example # a close up of a plant with green leaves
ILSVRC2012_val_00033336,959,none,1,a pan of spaghetti on a counter top,imagenet natural example # a pan of spaghetti on a counter top
ILSVRC2012_val_00001823,960,none,1,a plate of food on a white plate,imagenet natural example # a plate of food on a white plate
ILSVRC2012_val_00039394,961,none,1,a close up of a bun with cheese on it,imagenet natural example # a close up of a bun with cheese on it
ILSVRC2012_val_00031315,962,none,1,a stove with some food on top of it,imagenet natural example # a stove with some food on top of it
ILSVRC2012_val_00027172,964,none,1,a pizza sitting on a plate on a table,imagenet natural example # a pizza sitting on a plate on a table
ILSVRC2012_val_00049547,965,none,1,a burrito with sauce on a white plate,imagenet natural example # a burrito with sauce on a white plate
ILSVRC2012_val_00030298,969,none,1,a hand holding a box of cow no,imagenet natural example # a hand holding a box of cow no
ILSVRC2012_val_00036787,970,none,1,a man standing in a field of grass,imagenet natural example # a man standing in a field of grass
ILSVRC2012_val_00022221,973,none,1,a person is swimming over a coral reef,imagenet natural example # a person is swimming over a coral reef
ILSVRC2012_val_00018065,975,none,1,a view of the ocean from the beach,imagenet natural example # a view of the ocean from the beach
ILSVRC2012_val_00040169,977,none,1,a wooden dock on the beach near the water,imagenet natural example # a wooden dock on the beach near the water
ILSVRC2012_val_00002495,978,none,1,a beach with a lot of people on it,imagenet natural example # a beach with a lot of people on it
ILSVRC2012_val_00036278,980,none,1,a road with yellow water in the middle of a canyon,imagenet natural example # a road with yellow water in the middle of a canyon
ILSVRC2012_val_00041218,983,none,1,a group of divers swimming in the water,imagenet natural example # a group of divers swimming in the water
ILSVRC2012_val_00028652,984,none,1,a field of yellow flowers with a tree in the distance,imagenet natural example # a field of yellow flowers with a tree in the distance
ILSVRC2012_val_00013146,985,none,1,a group of pink flowers with yellow centers,imagenet natural example # a group of pink flowers with yellow centers
ILSVRC2012_val_00008377,987,none,1,a pile of yellow corn in a bowl,imagenet natural example # a pile of yellow corn in a bowl
ILSVRC2012_val_00016329,989,none,1,a close up of a fruit with water on it,imagenet natural example # a close up of a fruit with water on it
ILSVRC2012_val_00004903,990,none,1,a hand holding a bunch of chestnuts,imagenet natural example # a hand holding a bunch of chestnuts
ILSVRC2012_val_00049195,991,none,1,a close up of a mushroom covered in carrot,imagenet natural example # a close up of a mushroom covered in carrot
ILSVRC2012_val_00005745,992,none,1,three red mushrooms growing in the moss,imagenet natural example # three red mushrooms growing in the moss
ILSVRC2012_val_00024832,993,none,1,a close up of a tree stump with a fungus,imagenet natural example # a close up of a tree stump with a fungus
ILSVRC2012_val_00043080,997,none,1,a mushroom is growing on the ground,imagenet natural example # a mushroom is growing on the ground
ILSVRC2012_val_00010376,998,none,1,a large corn on the side of a truck,imagenet natural example # a large corn on the side of a truck
ILSVRC2012_val_00007556,999,none,1,a pile of toilet paper on the floor of a bathroom,imagenet natural example # a pile of toilet paper on the floor of a bathroom
